valory/agents/elcollectooor,QmUPzT3xF6B7cGo8gFWAGZE5SNUknJR4tCtvRy6H8NpuS1
valory/agents/simple_abci,QmaUsz3MXpNgz7XxdpZ5RtG6WAE74dnRCNQJxp7uaSoDJ7
valory/agents/test_abci,QmQSA6GudXPWuWP76gntJskHMtXZXFr1ETbSZZWcoMEGtD
valory/connections/abci,QmfToYSKsEqpgZq2enkT6WnDSTjsfaVuXPvJiYfg65kpwP
valory/connections/http_client,QmYB2NPasjswiTVjcFCx94phDdh8D2FJWd8hAiUh3rwizW
valory/connections/ledger,QmQ2Crzf2SLyXywHqtHiUYFuM5t1YABNJmDrakWaW5zbzm
valory/contracts/artblocks,QmdKW97a3vwJAKaRRvPDWTzrY1HEHJCG11ZyYqK2xJT3bU
valory/contracts/artblocks_periphery,Qme8DgZT6e64Vy4CgpyoRckeknAgw2DRrUdhsiohuRHe58
valory/contracts/gnosis_safe,Qmc9JQ9SRn6jGsffaxC9dwiSdCQbEYkX6noVYaCRC6vUJT
valory/contracts/gnosis_safe_proxy_factory,QmQC54GB8DQ21cSNL4tvXTxtgps3785vM6jx8Txq5RqLJs
valory/protocols/abci,QmbRYj3NqEgX5BED8G99opCQ8rnJVRnzz3K8AyX7iju5Y7
valory/protocols/contract_api,QmWH8HBYvm9kju7LiMWBk9DwdAEGKhicDrT3RvHaSFRvdY
valory/protocols/http,QmWbuo5KMSy2cZ4aTtsvUW1qvVzxGzgS8W3Hf3Xg67SXNx
valory/protocols/ledger_api,Qmakok8d7nN1GW5jG2UUkjkPDFGMqz2iwz6TAgjykqnsAd
valory/skills/abstract_abci,QmS2Ppvq8jCLWy8cyykUZ1EZ71BsPWeZBE7hBo18FLfST9
valory/skills/abstract_round_abci,QmT91tjxXp7Q9grfgs23gbQT8am1kmwpwmh2KKQpToc9TW
valory/skills/elcollectooor_abci,QmVHPuJNLSJ99wPaCCZuE4jDiF9Etz7sFYDTVdFDXeH3rk
valory/skills/registration_abci,QmfGsVvmwqMkjYX7WtrZud3kABYrQgisDKDtPgTwJ8MQYT
valory/skills/safe_deployment_abci,QmYZRp9kHLX2qzNTPJ3HjVhS8fwtDoKzg7Z4GbTetrVSbE
valory/skills/simple_abci,QmTEJiZBZ3WCTQgySHGp76cTNkSbCcaZZVwTwfTNEngcaQ
valory/skills/test_abci,QmSMxYCefR9fzmhsEV443XT4GfMh9UDARABgxXQUEJ4FVg
valory/skills/transaction_settlement_abci,QmasvEY8zdfGCXfjErNYoPWYAMZEASNRfz85wCVR4GvTP6
